Content,Video title,Video publish time,Views,Watch time (hours),Subscribers,Average view duration,Impressions,Impressions click-through rate (%)
Total,,,27101,130.537,57,0:00:17,108803,7.01
EG7oG2YzScg,MINDSET ISLAMI MUSLIMAH MILENIAL,20-Jun-23,1700,5.6404,16,0:00:11,235,3.83
bBQOc0z-kok,"Buku Librari Muhammad SAW: Manusia Paling Sempurna, Nabinya Para Nabi",1-Jul-23,230,0.873,7,0:00:13,229,6.99
d-HxcQi9tt0,DI AMBANG KEMATIAN,22-Jun-23,2219,7.1357,5,0:00:11,6420,7.82
ok345h7zcow,Sambal Maknyus - Sambal Cumi Asin Cabai Merah Goreng Pedas Gurih,14-Aug-23,504,2.4872,3,0:00:17,7403,6.32
0wTQZqGEu2U,Star+FLUBA ANABA 130ml - 3x Lebih Ampuh Atasi Masalah Flu Batuk Anak |,27-Aug-23,378,2.2442,2,0:00:21,1397,20.83
S4Ybjk4vDI4,Buku Librari Ori - Indahnya Pengasuhan dengan Theraplay Astrid W.E.N.,29-Jun-23,93,0.3658,2,0:00:14,26,3.85
UlmaLo3Rn9Y,"JIKA ALLAH BERKEHENDAK, TAK ADA YANG MUSTAHIL",20-Jun-23,132,0.6006,2,0:00:16,59,3.39
1KjOKbnTKV0,Buku Librari Ori - The Geography Of Bliss (Edisi Ke-5) Republish 2022,2-Jul-23,40,0.251,1,0:00:22,249,11.65
2hmvbOEolqs,Buku Librari Ori - SCB: Aku ingin ke Toilet (Bilingual Boardbook),29-Jun-23,51,0.264,1,0:00:18,916,4.69
3UKJ8-3b3VI,Buku DIET MINIMALIS by DR. YOSHINORI NAGUMO,16-Aug-23,96,0.8374,1,0:00:31,388,22.16
5o6QcKjbZqM,Buku Librari Ori - Tantangan dan Peluang Untuk Pertanian Tiongkok,2-Jul-23,69,0.2075,1,0:00:10,58,3.45
7xMFGGgocIk,Buku Pengembangan Diri KUASAI DIRIMU by Ahmad Dzikran,30-Jun-23,43,0.1176,1,0:00:09,91,4.4
9OztDUNtpgY,Buku Librari Ori - Kenduri Arwah A. R. Rizal - Pustaka Obor,2-Jul-23,135,0.5018,1,0:00:13,37,0
BIkbfNCu55k,Buku Librari Ori - Snouck Biografi Ilmuwan Christiaan Snouck Hurgronje,1-Jul-23,31,0.1261,1,0:00:14,264,4.17
EgO1eOtXz-Q,[Hanya ada di Shopee] Rexus Mouse Wireless Gaming SH10,9-Aug-23,104,0.6649,1,0:00:23,1407,6.54
F1D6mqiytFM,"Buku Kapitang Pattimura   Anak Negeri Hulaliu Thomas Matulessy, S Sos",5-Jul-22,275,1.9597,1,0:00:25,3330,4.8
HUVPn0TQzuM,Alat Pijat Punggung EMS Alat Pijat Leher Elektrik Alat Terapi Pinggang,27-Aug-23,52,0.4818,1,0:00:33,1131,2.21
OOjZiFBzPvY,SCB: AKU TAHU 4 KATA AJAIB (BOARDBOOK BILINGUAL),22-Jun-23,104,0.4057,1,0:00:14,247,2.02
SStQsCNWprw,üìöüîç Buku Librari Ori - Sejarah Dunia Yang Disembunyikan üåçüïµÔ∏è‚Äç‚ôÇÔ∏è,8-Aug-23,1545,3.9285,1,0:00:09,797,3.26
SpQSD4XaJoM,DI AMBANG KEMATIAN,22-Jun-23,458,1.2938,1,0:00:10,5206,1.98
YQ7veSv3lDA,Star+Gramophone Hitam Vinyl Record/Pemutar Piringan Hitam Gramophone/Bluetooth Vinyl Record Player,7-Aug-23,249,1.8261,1,0:00:26,965,5.91
_7YDJppcW6E,Buku Librari Ori - Riwayat Singkat Dunia dan Umat Manusia Al-Mas‚Äòudi,1-Jul-23,15,0.0614,1,0:00:14,55,9.09
_guyn7gyyhE,SA‚ÄòAD BIN ABI WAQQASH,20-Jun-23,80,0.6735,1,0:00:30,1789,3.19
aPTNlQ8nuf8,MAIMEITE 5L Rice Cooker Magic Com Free Steamer Penanak Nasi Sehat,22-Aug-23,290,2.5605,1,0:00:31,1650,12.73
bRYEeBfOgRk,Star+Catridge Stylus Jarum Piringan Hitam Turntable Universal Ruby Needle,7-Aug-23,53,0.1807,1,0:00:12,215,8.84
eZNKlDtwUag,StarCABIYES Sabun untuk Mengatasi Gatal Scabies Kudis Eksim Kurap Panu Biduran Tinea Cruris,5-Sep-23,2,0.0405,1,0:01:12,68,0
hghCPN9HQJE,1421   SAAT CINA MENEMUKAN DUNIA HARD COVER,21-Sep-22,15,0.0936,1,0:00:22,157,7.64
i23KyZbepOE,CARA CEPAT MELATIH KEBIASAAN POSITIF SEHARI-HARI,20-Jun-23,107,0.378,1,0:00:12,28,0
j-lJOB9vPRI,Buku Librari Ori - Andalusia - Sejarah Lengkap (Hard Cover),30-Jun-23,11,0.2165,1,0:01:10,75,12
jj0Gt3hSPg8,Kemeja Wanita Naila Klamby Crinkle Airflow Kekinian Tangan Kerut Balon,14-Aug-23,15,0.0774,1,0:00:18,41,14.63
pcrmSce2xiU,Sepeda Listrik Dewasa Goda 140 Garansi Resmi,19-Oct-23,16,0.0772,1,0:00:17,108,12.04
tfRhOfX_IOQ,PERTOLONGAN PERTAMA PADA EMOSI ANDA,25-Sep-22,55,0.2717,1,0:00:17,236,19.92
u1SxnxG4H5A,Dr.isla Nebulizer Portable Mesh Alat Uap Bantu Pernafasan Asma,27-Aug-23,1030,9.0463,1,0:00:31,3945,23.78
ygNA4tBa7Ro,Gamis Bordir Mewah Hanania Crinkle Airflow Bordir Timbul Size M L XL Bisa COD,14-Aug-23,30,0.2685,1,0:00:32,209,10.53
zRu1U5ylIMo,Buku Librari Ori - Excor Legacies: Concealed Society - Pustaka Obor,2-Jul-23,522,1.2318,1,0:00:08,79,2.53
-2F6NDmcugE,dompet Pria casual Original Kulit Asli polos logo emboss kulit halus,14-Aug-23,2,0.0355,0,0:01:03,32,0
-8giieTBdFU,Daster Jumbo Longdress Ld 120 130 Kekinian Lengan Panjang Busui,18-Aug-23,9,0.0297,0,0:00:11,237,2.53
 -gJjmhvlQOs,Temukan di Shopee! https://shope.ee/6KcnOjHxy9 Star+,6-Oct-23,1,0.0597,0,0:03:34,17,0
 -j7d_SQqSGQ,Temukan di Shopee! https://shope.ee/2q2xQJle0f UPS APC Easy UPS BVX 1200VA 650W BVX1200LI-MS,7-Oct-23,0,0,0,,74,0
0-TvycRb5Rg,üåüüëï Tampil Trendi dengan Manset Tangan Kaos Rayon Premium! üëïüåü,28-Aug-23,3,0.0341,0,0:00:40,23,8.7
079ddaYAZNY,Thariq bin Ziyad Menaklukkan Andalusia,1-Jul-23,4,0.0395,0,0:00:35,216,1.85
08jcDHw66d8,StarMINIMALIST YOGA MAT 10MM Matras Yoga Anti Slip | Alas Senam | Mat Pilates Camping,18-Aug-23,6,0.0384,0,0:00:23,98,5.1
0FFnBZ-SDQ0,Jas Hujan SATSETDAY Jas Hujan Pria Wanita Dewasa Anti Air Bahan Import Raincoat Saku Kangguru,18-Aug-23,1248,4.9839,0,0:00:14,56,0
0G2nXAKcNH0,"Star+[Upgrade] Kipas Leher Portabel, Topeng Kipas Pendingin Dengan Kipas USB Tanpa Daun",15-Aug-23,1,0.0065,0,0:00:23,13,0
0ImTb-ILcnc,Buku Librari Ori - Tiongkok yang Kami Lihat PPI Tiongkok - Alvabet,1-Jul-23,3,0.0049,0,0:00:05,89,0
0JsGcr6DHuk,Temukan Wardah Crystal Secret Dark Spot & Brightening Serum 20 ml - Serum,6-Oct-23,1,0.015,0,0:00:54,13,7.69
0gsfk2TvqmI,Temukan di Shopee! https://shope.ee/7Uolk8ySGH Gentle Facial Wash Avoskin Natural,6-Oct-23,0,0,0,,15,0
0rIhF0lufgk,StarIce Maker Mesin pembuat es batu Sekali setiap 8 menit Pembuat es,22-Aug-23,5,0.0464,0,0:00:33,34,8.82
0tsVy5hcpO0,Zipper Bag Frosted Pouch Mika Kantong Plastik Baju Travel Matte Polos Portable Zip Lock,28-Aug-23,15,0.0547,0,0:00:13,223,3.14
10FlwddCUTk,Star+[300gr] E141 | [PUNGGUNG] Alat Pijat Punggung EMS | Alat Pijat Leher,20-Aug-23,3,0.0129,0,0:00:15,110,0.91
16399C7eOhM,Buku Librari Ori - The Kremlin School of Negotiation: Seni Negosiasi,1-Jul-23,30,0.4529,0,0:00:54,321,8.72
1E5B0EJFO04,Buku Librari Ori - Kenduri Arwah A. R. Rizal - Pustaka Obor,2-Jul-23,6,0.0246,0,0:00:14,30,0
1Oe3FxikDrI,Temukan LUX BOTANICALS SABUN MANDI CAIR REFILL BODY WASH MAGICAL ORCHID WANGI 12 JAM 825ML,5-Oct-23,2,0.0086,0,0:00:15,45,4.44
1XuJZkQRgdc,Jam Dinding Esthetic Sweep Movement Minimalis Murah Berkualitas Tidak Berisik,15-Aug-23,3,0.0268,0,0:00:32,32,6.25
1bsWSff25Ak,Buku Librari Ori - Bahasa Korea Sehari-Hari + Audio,15-Aug-23,1,0.0088,0,0:00:31,22,0
1jdCUxb_Yh8,Alat Fitness Elliptical iReborn IR-802i Orbitrac (Official Shop),7-Oct-23,1,0.0041,0,0:00:14,21,4.76
1qcxEiif6og,Temukan di Shopee! https://shope.ee/6fFgA2Y1Ls kopling Accosato Clutch Per Kit Kopling Ringan,7-Oct-23,1,0.013,0,0:00:46,30,3.33
245kIUMGXvI,Selin Skort - Celana Pendek Rok Kargo Wanita / Mini Skirt,12-Aug-23,5,0.0401,0,0:00:28,213,0.94
2ARKaTQxokA,Temukan di Shopee! https://shope.ee/9UZrZBjIGo Philips Heated Straightening,7-Oct-23,1,0.0125,0,0:00:45,36,2.78
2GQC2kth1h8,Buku Librari Ori - Siedjah - Melintasi Tapal Batas Kepicikan Kolonial,1-Jul-23,11,0.1191,0,0:00:38,434,2.3
2RFw5ZuRjdY,PENYUSUNAN LAPORAN KEUANGAN MYOB ACCOUNTING V¬†19 6,5-Jul-22,9,0.051,0,0:00:20,120,7.5
2RrbnAChVC4,Buku Librari Ori - Excor Legacies: Concealed Society - Pustaka Obor,2-Jul-23,10,0.0259,0,0:00:09,33,3.03
2c4KnAChnsQ,Buku Librari Ori - Politik Sumber Daya Alam Arif Satria - Pustaka Obor,2-Jul-23,3,0.0155,0,0:00:18,40,7.5
2eo9mYqh9os,Buku Librari Ori - Work: Sejarah Mendalam Bagaimana Umat Manusia,1-Jul-23,6,0.032,0,0:00:19,45,13.33
2tYLgiwaIqI,L‚ÄôOr√©al Paris Infallible Matte Resistance Liquid Lipstick - 16 Jam Long Lasting,8-Oct-23,34,0.38,0,0:00:40,266,9.77
35tN4NuHONw,Genie Wallet,28-Aug-23,2,0.0071,0,0:00:12,33,3.03
3KwHW7SR4-k,SCOORA Cronos Baby Earmuff - Biru,20-Aug-23,53,0.391,0,0:00:26,240,18.33
3M2RT9LqoRY,Temukan di Shopee! https://shope.ee/6UwJHpY1Lu DIGI TRAVEL Sim Card Europe USA Australia Asia Israel,9-Oct-23,8,0.0234,0,0:00:10,34,0
3SOptB75Seg,Speaker Bluetooth Portable S288 Free Mic Karaoke Murah Uk.3inch,6-Oct-23,1,0.0039,0,0:00:14,16,6.25
3dTANjqOraM,Sajadah Tebal Empuk Kiswah Sajadah Busa Turki Premium,6-Oct-23,19,0.1458,0,0:00:27,151,9.93
3fYpfl87WZY,Deli Laser Pointer + Presenter Wireless USB Pen Laser Presentasi PPT Sinar Merah Jarak 30 M 2802,27-Aug-23,51,0.3381,0,0:00:23,401,9.98
3o2BFfEKejE,Star+„ÄêREADY STOCK„ÄëAdvance  STP-A01 Set Top Box TV Digital Receiver,25-Aug-23,2,0.0208,0,0:00:37,65,1.54
47rH8vh0PpA,StarQME Mop Busa Serbaguna / Sapu Pel Mop Alat Pembersih Lantai Pengering Lantai Sodok / QM-721,13-Aug-23,11,0.1015,0,0:00:33,71,11.27
4DTVuCCyhnk,Cincin Couple Perak S925 Tunangan /Nikah/Kawin Ring Adjustable Ring,18-Aug-23,33,0.111,0,0:00:12,68,5.88
4o5WGLwKnA0,Gilmore - Kapsul Pereda Nyeri Sendi - Original iBerkah Official,26-Aug-23,6,0.0233,0,0:00:13,79,1.27
4umBVwwZBHg,Lem Sepatu Sandal Lim Kuat 50-60ml,28-Aug-23,2,0.0085,0,0:00:15,28,3.57
4zp67g1lVvs,Star+HC Sikat Gigi Anak 1 SET 4 PCS Extra Soft Tavel Toothbrush Double Care,20-Aug-23,3,0.0322,0,0:00:38,27,7.41
54Q1Rdv1qxI,Temukan di Shopee! https://shope.ee/8pK8PKokmU Star+,6-Oct-23,7,0.0872,0,0:00:44,11,0
5646OxO5G5s,Greenlight Kaos Pria Lengan Pendek Katun Baju Atasan Comfy Casual Tee OL-C180723,19-Aug-23,25,0.0694,0,0:00:09,82,4.88
58gaWdV4s4w,‚≠êÔ∏èSPESIALIS SEPATU VANS ANAK VANS SHOES KIDS OLDSKOOL SEPATU VANS OLDSCHOOL,15-Aug-23,1,0.0105,0,0:00:37,78,0
59SUwnJkzlM,Buku Librari Ori - Dinamika Pola Pengawasan Dana Otonomi,2-Jul-23,1,0.0084,0,0:00:30,50,0
5C44gpMy_Ns,Buku Librari Ori - Komik Meng Edisi Warna Gerbang Misterius,16-Aug-23,1,0.0136,0,0:00:48,26,0
5J8khvPjeiU,Mesin Las Inverter MMA 120 IGBT 450 watt / Mesin las / Mesin trafo las / welding,10-Oct-23,5,0.0193,0,0:00:13,56,0
5QCSO1HotJQ,StarQME Mesin Press Gelas Plastik / Cup Sealer QM-D8 (Model Premium),14-Aug-23,339,2.4248,0,0:00:25,1291,17.12
5UZFmNKOxVc,Buku Librari Ori - Di Balik Dinding Penampungan - Pustaka Obor,2-Jul-23,6,0.0116,0,0:00:06,56,0
5f2K-89uBVU,Buku Librari Ori - World Fairy Tales: Dongeng-Dongeng Klasik - Alvabet,1-Jul-23,4,0.0111,0,0:00:09,117,1.71
5fFNzV-FdB4,Buku KOMIK NEXT G VOL  481 HARI BERSAMA SAHABAT by Aisyah,30-May-22,17,0.0542,0,0:00:11,241,4.15
5tIq35gxHFA,Star+Venesa Baju Gamis Wanita Muslimah Syar'i Maxi Dress Rayon Premium Terbaru,18-Aug-23,1,0.0165,0,0:00:59,20,0
5zjZHttH8t4,Oraimo Wireless Headset Bluetooth Earphone TWS Earbuds True Wireless Stereo v5.3 ENC Noise,8-Oct-23,6,0.0537,0,0:00:32,104,5.77
62i33oks0QI,StarSOP Subarashi Utsu Original Japan,26-Aug-23,2,0.0227,0,0:00:40,12,8.33
66RbYIp-Q4w,Buku Librari Ori - Kkpk Mata Nazwa,16-Aug-23,2,0.0287,0,0:00:51,18,0
696Xfktl7T4,Concise Grammar Arabic,15-Aug-23,3,0.0129,0,0:00:15,25,8
6GiBXlGSvgg,EASY INSTALL Tempered glass iPhone 11 pro max 12 PRO MAX 13 PRO MAX 14 MINI 15 XR X XS,8-Oct-23,2,0.0108,0,0:00:19,55,1.82
6Gr5vequZIQ,Sepeda Listrik Uwinfly DF7 Garansi Resmi U WIN FLY D7S Dragon Fly,19-Oct-23,1,0.0067,0,0:00:24,22,4.55
6Q5jO99d53g,Kursi Kantor Kursi Kerja Kursi Jaring Kursi Belajar Kursi Hidrolik Hidraulic Sandaran Kepala,2-Oct-23,9,0.0567,0,0:00:22,33,27.27
6R1fa_90gqM,üìöüß∏ Buku Librari Ori - Seri Mengenal Emosi: Saat Aku Merasa Takut üé≠,16-Aug-23,11,0.0754,0,0:00:24,38,26.32
6V_6KPASV1w,DAP Fast Charging 2 Port Usb Charger 2.4 A Garansi Resmi 1 Tahun ‚Äì D-A4N 1 PCS,8-Oct-23,16,0.1185,0,0:00:26,150,8
6_67BHgvMek,Tote Bag Hawman / Tas Belanja /Shopping Bag Hitam Waterproof,6-Oct-23,0,0,0,,20,0
6f7OjoE7cL4,Star+Gamis Neora Matt Ladycrush Busui Kancing Depan,18-Aug-23,2,0.0193,0,0:00:34,60,1.67
6gm0GA2k6UA,Buku Librari Ori - The Life Changing Magic Of Tidying Up Republish,1-Jul-23,2,0.0053,0,0:00:09,75,2.67
6jgXn3xt7q8,Buku Librari Ori - Les Miserables Victor Hugo - Bentang Pustaka,1-Jul-23,8,0.027,0,0:00:12,117,3.42
6kLX7oasHVA,Shoe Cleaner 100ml | Pembersih Sepatu Sabun Cuci Sneakers by Vamp Shoe Care | Easy Cleen,6-Oct-23,1,0.0116,0,0:00:41,33,0
72pUOmzUEOg,250 Latihan Tata Bahasa Jerman untuk Pemula dan Lanjutan (A1-B2),15-Aug-23,2,0.0159,0,0:00:28,21,4.76
74e38KAiXyo,Star+Mesin Jahit Mini Portable,22-Aug-23,3,0.0322,0,0:00:38,21,9.52
7PXfKXbiSzM,Star+One Set Julita Set Wanita Rayon Premium Busui Kancing Depan,18-Aug-23,2,0.0305,0,0:00:54,34,2.94
7aqvL5bdfqQ,Buku Librari Ori - Seri Mengenal Emosi : Saat Aku Merasa Sedih,16-Aug-23,5,0.0321,0,0:00:23,27,11.11
7cwMbGDROY0,OKEY BELI‚Ä¢PART1 PK058 Travel Pouch Organizer Serbaguna Tas Serut,28-Aug-23,2,0.0108,0,0:00:19,47,2.13
7fzYXoOCfKY,Rotary hammer Bosch GARANSI RESMI PROMO HARI INI SAJA mesin bor beton bobok tembok,10-Oct-23,3,0.024,0,0:00:28,67,2.99
7jtmne6ZXSY,Tas Wanita Shoulder Bag Women's Bag Tas Bahu Perempuan Tas Selempang,6-Sep-23,2,0.0059,0,0:00:10,48,2.08
7nl92ciOYf4,StarASTRI SKIRT - KLAMBIYU,15-Aug-23,44,0.1752,0,0:00:14,13,7.69
7vblQFsQrfs,"Logitech B175 Mouse Wireless untuk Windows, Mac, Linux dan ChromeOS",7-Oct-23,3,0.013,0,0:00:15,61,4.92
8-KyObFct_g,üìö Buku Librari Ori - Hari Pertama Bertemu Teman Baru ü§ùüéâ,16-Aug-23,4,0.0258,0,0:00:23,29,10.34
8B_AX52RkZs,Star+Cetak Buku A6/Buku Saku,13-Aug-23,2,0.0057,0,0:00:10,32,0
8ECL5h4e2zM,Buku OFFICIAL STATISTICS SOSIAL KEPENDUDUKAN DASAR,5-Jul-22,6,0.0491,0,0:00:29,127,4.72
8X1kopM0AX8,Star+Headset Handsfree Earphone Bluetooth Wireless S109,19-Aug-23,2,0.0212,0,0:00:38,40,2.5
8lE0ExQC95Y,Temukan di Shopee! https://shope.ee/4AYKxjqVyj SUNLIGHT SABUN CUCI PIRING DISHWASH,7-Oct-23,2,0.0092,0,0:00:16,56,3.57
8sWSJKTQBFA,S-GROW Peninggi Badan Terbaik Untuk Remaja dan Dewasa 1 BOX,26-Aug-23,3,0.0589,0,0:01:10,15,0
97naaz8qeOM,Star+Smart Tag Bluetooth Tracker GPS Anti Lost Alarm Wireless Key Finder,27-Aug-23,10,0.1049,0,0:00:37,65,9.23
9AK6hrNCvFI,Klip Kabel Organizer Cable Clip Tempel Dinding Meja Kursi Kayu Penjepit,28-Aug-23,5,0.0561,0,0:00:40,47,6.38
9B0s7Dpf3Nc,Buku Librari Ori - Seri Mengenal Emosi : Saat Aku Merasa Sedih,16-Aug-23,2,0.02,0,0:00:36,22,4.55
9S7xRkClxo0,Temukan di Shopee! https://shope.ee/3pvSdmkS5i HIA Everywear Deerya Top Manset,6-Oct-23,0,0,0,,24,0
9T64OPqhqzI,Temukan di Shopee! https://shope.ee/5pgZprmk4a Winix Zero S Air Purifier / Pembersih Udara,7-Oct-23,5,0.0471,0,0:00:33,44,6.82
9h5qX4KIzlM,RATU BILQIS,20-Jun-23,47,0.1958,0,0:00:14,215,1.4
9iRo4pkf7q0,Temukan di Shopee! https://shope.ee/LLcSQv3VV Tinta Epson 664 Original Printer L121 L100 L110,7-Oct-23,1,0.0232,0,0:01:23,45,2.22
A092AvMTLhI,Buku Librari Ori - Senjata Hebat Para Introver Holley Gerth - Alvabet,1-Jul-23,3,0.0305,0,0:00:36,54,3.7
A75qZ_aP0jk,Buku SEBELUM IJAB KABUL by Sri Bandiyah Penerbit Alifia,1-Jul-23,1,0.0082,0,0:00:29,32,3.13
AMpD3mtV3UQ,Star+PRINTER BLUETOOTH KASIR IWARE C-58BT SUPPORT CASH DRAWER,19-Aug-23,1,0.0146,0,0:00:52,18,5.56
ARzE7J0-fjw,(1KG=50PCS) KAOS KAKI JEMPOL MUSLIMAH POLOS WARNA SPANDEK TANPA TELAPAK,3-Oct-23,0,0,0,,135,0
AWTavDigMBQ,Buku Librari Ori - Alexandria Edward Morgan Forster - Pustaka Alvabet,30-Jun-23,4,0.0526,0,0:00:47,18,0
AZ2SUmVWVfQ,Temukan di Shopee! https://shope.ee/6AJPOpPOhE Lenovo IdeaPad Slim 1 14IGL7 4WID Intel Celeron,7-Oct-23,6,0.014,0,0:00:08,134,3.73
AcTvbwlFd4U,Tas Ransel Pria Import Tas Kain Backpack Cowok Men's Backpack Tas Siswa Anak,6-Sep-23,10,0.4094,0,0:02:27,55,5.45
AfUmICNdNUo,Gadget Sanitizer Spray Semprotan Anti Bakteri Disinfectant Sanitizer Pembersih Layar Anti Virus,8-Oct-23,2,0.007,0,0:00:12,48,4.17
Alc4hbYbcTA,Temukan di Shopee! https://shope.ee/7KVLJF3xC1 Fantech LEVIOSA MCX01 Condenser,6-Oct-23,1,0.0022,0,0:00:07,46,2.17
AlyLTjiGt6o,Star+Nomaid.id - Asbak Pembersih Udara Humidifier Aromatheraphy,23-Aug-23,2,0.0144,0,0:00:25,20,0
At4V8ch9cv8,AGAMA UNTUK PERADABAN,21-Sep-22,10,0.0637,0,0:00:22,105,7.62
AylB75jDcMg,Temukan di Shopee! https://shope.ee/B2A0ruSuU AC GREE 1/2PK Standard - AC 1/2 PK,6-Oct-23,1,0.0164,0,0:00:59,18,0
Az5HqwyBnbs,Asian Godfathers,22-Sep-22,52,0.23,0,0:00:15,631,7.92
B0vpYgEvsbM,Buku Librari Ori - Ghost School Days Andalan Kelompok,16-Aug-23,1,0.0166,0,0:00:59,35,0
BObhfNPRM2Y,Temukan di Shopee! https://shope.ee/9etG6wuimQ Logitech F310 Gamepad Joystick Wired Extra,6-Oct-23,1,0.0005,0,0:00:01,42,2.38
BdyhMqZ1Myk,StarQME Pompa Air Galon Manual / Dispenser Manual / Pompa Galon Pencet / QM-188,13-Aug-23,14,0.2206,0,0:00:56,89,14.61
Bh-0ufBWc-A,Temukan Armadillo Winter Kasur Busa Semi Orthopedic - Kasur Busa Vacuum Dalam Box,2-Oct-23,2,0.0077,0,0:00:13,51,3.92
C3i_zRy6YOs,StarONE HOME Teko Listrik 2.3L Fast Heat Electric Kettle Pemanas Air,25-Aug-23,18,0.1337,0,0:00:26,68,20.59
C4lB6q5y8_E,Piano Keyboard Angelet XTS-690 Original Cocok Untuk Pemula Anak Dewasa,6-Oct-23,14,0.0876,0,0:00:22,153,3.92
CBCuzIDy-JQ,Sound card V8 Mixer Bluetooth SoundCard V8 Audio Soundcard New,7-Oct-23,0,0,0,,34,0
COCgHgFk7H8,Dress Daster Korean Style Home Dress Crinkle / Midi Dress,19-Oct-23,10,0.0236,0,0:00:08,36,2.78
CPJ4-tNGFAU,Buku Librari Ori - Mengapa Orang di Sekitarmu Bodoh? Dr. Syarif Arafah,1-Jul-23,8,0.1208,0,0:00:54,66,6.06
Ca8jt6N5hoA,LAMPU TANGGA TENAGA SURYA / LAMPU PAGAR TENAGA MATAHARI / LAMPU TANGGA SOLAR CELL,10-Oct-23,4,0.195,0,0:02:55,70,2.86
CiYpGNq5gcg,Buku 200 Motivasi Nabi & Kisah Inspiratif Pembangun Jiwa by As Samarqandi   Tiktok,20-Sep-22,10,0.0404,0,0:00:14,152,5.92
CqzTYvlEbik,Buku Librari Ori - Kisah Nabi Muhammad Saw. dan Anak Yatim,16-Aug-23,3,0.0181,0,0:00:21,16,12.5
Cr79U8AV1Uw,HUSEN Totebag Wanita Tas Kuliah Kondangan Shoulder Bag Import - Ashley Damelia Tote Bag,5-Sep-23,7,0.0409,0,0:00:21,69,4.35
CruMMSn2T8o,Kemeja Wanita Oval Simpel Kalem Kekinian/Atasan Wanita Oversize,14-Aug-23,2,0.0098,0,0:00:17,15,0
CwSo7_oXpcY,Buku Librari Ori - Kapita Selekta: Cinta Perkawinan dan Keluarga,2-Jul-23,1,0.0011,0,0:00:03,63,0
CxVPQ94zYAo,LEKA OC556 Aqua Flosser - Portable Oral Dental Water Irrigator,23-Aug-23,1,0.0167,0,0:01:00,18,0
D1Yg6V4b1io,YooWoo korek kuping 6pcs set/ Pembersih telinga / ear wax picker,8-Oct-23,0,0,0,,94,0
D1z7Slmmwwc,Ace - Kris 10 Ltr Oven Toaster 350 Watt - Hitam,22-Aug-23,12,0.0894,0,0:00:26,71,15.49
D4UD_5kR3bM,‚ù§Ô∏èGTB‚ù§Ô∏è Tasbih Digital LED Lampu NT M-05 / Tally Counter LED / Digital Counter LED R487 R031,6-Oct-23,1,0.0035,0,0:00:12,53,1.89
DH1LMjNmv6E,Tas Ransel Wanita Backpack Cewek Women's Bag Ladies Bag Perempuan Import Branded,6-Sep-23,1,0.0028,0,0:00:10,40,0
DM1COqNjqAI,Oraimo Wireless Headset Bluetooth Earphone TWS Earbuds True Wireless Stereo v5.3 ENC,8-Oct-23,11,0.0996,0,0:00:32,138,5.8
DPqYMHHQZL4,Setelan bangkok premium/setelan polos wanita terbaru/one set bangkok,14-Aug-23,23,0.0764,0,0:00:11,176,11.36
DYFG_AESF-0,Tas Ransel Wanita Import Backpack Perempuan Women's Bags Ladies Bag Tas Cewek,6-Sep-23,2,0.0047,0,0:00:08,38,2.63
Deo__XWAJ6c,PS2 To HDMI Adaptor Converter HDMI PS2 Resolusi HD 720 1080P,6-Oct-23,2,0.0077,0,0:00:13,36,2.78
DrF8ei6e_Gc,Star+Gamis Mola Maxi Dress Kain Crinkle Airflow Busui,18-Aug-23,51,0.3816,0,0:00:26,527,5.31
E2JO65Y965Y,Buku Librari Ori - A Quick Guide for Investors Nicky Hogan,16-Aug-23,5,0.0656,0,0:00:47,17,17.65
E3ilV530Ub0,ALONA GENUINE LEATHER - Tas Selempang Wanita Hestia Bag Bahan Kulit Sapi Asli 100% Premium,14-Aug-23,3,0.0203,0,0:00:24,44,4.55
E4-zOke0AUA,Tas Ransel Pria KULIT Asli Coklat Tas Punggung Pria Kasual Keren Simpel KECE Premium,14-Aug-23,2,0.0176,0,0:00:31,23,4.35
E6eFmMXG9Q8,CELANA PRIA CHINO Slim fit Panjang Kerja kantor Santai Liburan Cowok Gentleman Boy,6-Oct-23,0,0,0,,14,0
E8-MxwtsYO0,Temukan di Shopee! https://shope.ee/AK8w73GsWS Mini Vacum Cleaner Philips Portable3 in 1,6-Oct-23,4,0.0352,0,0:00:31,25,8
E9hSEibPBd0,Buku Librari Ori - Esok Lebih Baik Dr. Abdullah al-Maghluts - Alvabet,1-Jul-23,3,0.043,0,0:00:51,48,6.25
EChUETqLNZM,BANJIR BESAR ZAMAN NABI NUH,20-Jun-23,40,0.4389,0,0:00:39,1913,1.78
EGacsLSKPZQ,Tampil Elegan dengan FXG - 2in1 Bando dan Jepit Rambut Fashion Korea,28-Aug-23,1,0.0091,0,0:00:32,36,0
F2JkTqfLFt4,Buku Librari Ori - Esok Lebih Baik Dr. Abdullah al-Maghluts - Alvabet,30-Jun-23,36,0.0926,0,0:00:09,121,4.13
F8x726KYcag,Headset Bluetooth Gaming X15 Pro TWS V5.0 HQ,19-Aug-23,2,0.0255,0,0:00:45,18,0
FH45NonTTDY,Thariq bin Ziyad Menaklukkan Andalusia,1-Jul-23,24,0.108,0,0:00:16,374,1.6
FLdTT6JrRS4,SIVALI Loose Pants 332 Trousers Wanita [PART 1] Celana Anti Kusut - Celana Kulot Wanita,4-Oct-23,6,0.0203,0,0:00:12,92,3.26
FMqOcsV4dMk,Star+HEION Ashwagandha + 60 Kapsul - SUPLEMENT KESEHATAN,26-Aug-23,12,0.2284,0,0:01:08,198,2.02
FNksXzCRwLE,KEPADA ALLAH AKU BERSERAH,20-Jun-23,73,0.1857,0,0:00:09,42,0
FtRXfkji6aY,Jen Skort - Celana Pendek Rok Kargo Wanita / Cargo Skort / Mini Skirt,12-Aug-23,10,0.0572,0,0:00:20,262,1.91
FvKDh6rxvx4,KU_001 KAOS TSHIRT DISTRO COTTON COMBED / SABLON DIGITAL DTF / MURAH KEREN,12-Aug-23,1,0.0058,0,0:00:20,70,0
G3f1NizOe40,Tas Wanita Shoulder Bag Women's Bag Tas Bahu Perempuan Tas Selempang Cewek,6-Sep-23,4,0.0359,0,0:00:32,206,1.46
G78hnnQv52g,StarPAKET 3 BOX SUSU ETAWALIN - Paket Sembuh Susu Sendi Atasi Radang Sendi Nyeri Tulang Cegah,26-Aug-23,5,0.0619,0,0:00:44,43,2.33
GD6ATEgcHQg,ONE SET SETELAN BAJU IMPORT PREMIUM / SETELAN KEMEJA POLOS WANITA BAHAN MOSCREPE,14-Aug-23,8,0.0295,0,0:00:13,78,3.85
GNx8FOmhfCk,Tas Wanita Besar Women's Bag Shoulder Bag Tote Bag Canvas Ladies Bag Tas Cewek,6-Sep-23,12,0.1361,0,0:00:40,171,5.85
Gcg9hyH_Mzc,Star+ShopAoi - Singlet /¬†Kaos tanpa lengan / Kaos Dalam / T-shirt Distro / Singlet Vespa Hitam Pria,15-Aug-23,11,0.0429,0,0:00:14,216,3.24
GeROR4sfwZ4,PAKET HEMAT 2 | Minuman Kolagen Pemutih Badan Cepat | NEWLAB,27-Aug-23,1,0.0131,0,0:00:47,44,0
Go7ptDozh2Q,Buku Librari Ori - Maut dan Cinta Mochtar Lubis - Pustaka Obor,2-Jul-23,8,0.0654,0,0:00:29,72,8.33
GtP8QoFiMUM,Buku PEMBELAJARAN GEOMETRI BERBANTU CABRI 2 PLUS,6-Jul-22,33,0.1634,0,0:00:17,281,11.39
H5RBtRmzvdA,Temukan di Shopee! https://shope.ee/4AYMfhlHLJ BIRRUNA.CO-Aira Cardigan Rajut Premium,8-Oct-23,0,0,0,,43,0
HPpr8Mf5a7Y,PERPU DALAM TEORI DAN PRAKTIK ‚Äì DR  DANIEL YUSMIC P FOEKH,8-Mar-23,21,0.1445,0,0:00:24,390,3.33
HRQtWi7kLVw,Wanbo New T2 Max Projector 450 ANSI Lumens 1080P Decode 4K 1+16G,25-Aug-23,26,0.1414,0,0:00:19,399,5.26
HUj0jYI9bWM,(BEST SELLER) KEMEJA PRIA TACTICAL W-TAC LENGAN PANJANG / BAJU,14-Aug-23,7,0.1213,0,0:01:02,185,1.08
Hg1X2OXKIWI,THE KREMLIN SCHOOL OF NEGOTIATION,20-Jun-23,58,0.4875,0,0:00:30,654,8.1
HmRiE9ztdTI,Star+CETAK STIKER CROMO / LABEL BULAT LABEL NAMA LABEL,19-Aug-23,1,0.0041,0,0:00:14,21,0
HpSawGLNbMg,Temukan di Shopee! https://shope.ee/5V3hLmjIdI SOMETHINC Revive Potion 3% Arbutin + Bakuchiol,6-Oct-23,0,0,0,,21,0
Hui52csrXlk,ecentio Kaca blender Portable 4/6/8 mata pisau Juicer cup 380/380+380/410ml Usb jus,22-Aug-23,3,0.0539,0,0:01:04,71,1.41
HvzWa0i0yiI,StarBubuk Serbuk Campuran Umpan Pancing Pelet Pikat Ajaib Essen DMPT Ori Stimulant Pemikat,6-Sep-23,1,0.0125,0,0:00:45,112,0.89
I-C0oWQ9H2Y,Buku 30 Cara dalam 30 Hari  Menyelamatkan Keluarga Anda,21-Sep-22,5,0.0348,0,0:00:25,87,5.75
I1YHYfRUnVM,Either.id - Botol Minum Aesthetic Water Bottle Termos Botol Bening Estetik,4-Oct-23,1,0.0029,0,0:00:10,29,3.45
I2CmphTzIxw,StarCelana Dapat 5 Kolor Nyaman Boxer Pria Dan Wanita,20-Aug-23,1,0.014,0,0:00:50,55,0
I6e2SkTbQ2c,Star+COD Mini Portable Thermal Printer Pocket Printer Wireless Bluetooth Android IOS Phone Picture,13-Aug-23,1,0.006,0,0:00:21,14,0
ILX7gRC3-_s,Star+Sajadah Travel Sejadah Traveling pouch souvenir umroh Sajadah JUMBO Sajada,6-Aug-23,31,0.1023,0,0:00:11,217,2.3
IO71FGUTJTE,Star+Gamis Terbaru Wanita Muslim Bahan Rayon Tebal Motif Polkadot,18-Aug-23,7,0.0278,0,0:00:14,97,3.09
IYeB0HzOx_k,Star+STIKER/MOMO TARIK/STIKER TARIK/STIKER/STIKER MOMO TARIK,14-Aug-23,3,0.0095,0,0:00:11,19,10.53
IdbD1uM9yqU,Gamis Cantik Hanania Bahan Crinkle Airflow Premium Bordir Bunga Timbul Size M L XL COD,14-Aug-23,2,0.0248,0,0:00:44,140,0.71
IweYAXpY7S0,MOFii Mouse Wireless 2.4G Cat Ear Design M3,13-Aug-23,2,0.0076,0,0:00:13,8,0
J1IlPcRXW4k,Star+Vegetable Slicer Machine Alat Pemotong Sayuran Parutan Serbaguna,6-Sep-23,5,0.6932,0,0:08:19,207,0.48
J8htQGBN1Ss,Buku Librari Ori - Di Balik Dinding Penampungan - Pustaka Obor,2-Jul-23,33,0.1041,0,0:00:11,60,8.33
JOiGBINM_tk,Temukan di Shopee! https://shope.ee/6AJPcT4dBD Star+Perspirex AntiPerspirant / Deodorant,7-Oct-23,2,0.0187,0,0:00:33,78,0
JgMruFbtIHg,Temukan Headset Sony WH-1000XM4 Wireless Headphone Premium Noise Cancelling,5-Oct-23,0,0,0,,27,0
Jky-9Vyt_eM,YK DESIGN 101 Blender / Penggiling daging sayur buah-buah meat mincer chopper kapsul mini,22-Aug-23,2,0.0334,0,0:01:00,33,0
Jlt8afELi7U,Gamis Bordir Mewah Hanania Crinkle Airflow Bordir Timbul Size M L XL Bisa COD,14-Aug-23,2,0.0056,0,0:00:10,53,1.89
JuPWMchmf-U,Buku Librari Ori - Muhammad al-Fatih: Sang Penakluk Konstantinopel,1-Jul-23,20,0.1229,0,0:00:22,750,2
KFqRmwE_EV0,Buku Librari Ori La fortalezas de las islas Molucas: Ternate y Tidore,1-Jul-23,0,0,0,,56,0
KJCBp_Y7ECc,"SIV 100WATT, 200WATT, 300WATT, 500WATT,800WATT Lampu Jalan Tenaga Surya Matahari",10-Oct-23,1,0.0126,0,0:00:45,47,2.13
KJ_hNczhOIc,Buku Librari Ori - Kenduri Arwah A. R. Rizal - Pustaka Obor,2-Jul-23,9,0.0461,0,0:00:18,32,3.13
KOnJACGd-UQ,Tas Wanita MARSONE.ID Totebag Wanita kulit aesthetic tote bag laptop,4-Oct-23,2,0.0112,0,0:00:20,56,3.57
KZxseL79_lQ,Temukan BARDI CCTV PTZ Smart Indoor IP Camera 1080p 360¬∞ View Pan Tilt Zoom Kamera Pantau,5-Oct-23,4,0.2719,0,0:04:04,99,2.02
Kh_ix3_X3TY,StarCELANA KULOT JEANS WANITA MOZZA HIGHWAIST CULLOTE  DELONIK,12-Aug-23,4,0.0132,0,0:00:11,58,0
L0A-lSG_nc8,Bright Crown COD Botol Minum MIXUE 700ML Botol Tumbler Viral Mixue Kapasitas Besar,8-Oct-23,3,0.0112,0,0:00:13,75,4
L3PcqKiDoAQ,StarCelana Jeans Highwaist Cutbray Wanita Streath Premium,12-Aug-23,4,0.0359,0,0:00:32,29,0
LA_pKeePqWA,Naira Skirt - Rok Maxi Panjang Wanita Kargo Kekinian / Cargo Skirt,12-Aug-23,132,0.5973,0,0:00:16,895,8.94
LGTwY2zfSuA,HUSEN Totebag Wanita 2 In 1 Tas Kerja Kuliah Jinjing Shoulder Bag Import -,5-Sep-23,4,0.0158,0,0:00:14,141,0.71
LZ4s8uw8118,EROC Android Smart Proyektor LCD - Dolby Audio ‚Äì Netflix ‚Äì Youtube - Full HD,22-Aug-23,3,0.018,0,0:00:21,43,6.98
LbUpQETgNTI,Dr.isla Pembersih Telinga Korek Kuping Kamera LED smart Visual Ear Stick,27-Aug-23,637,4.2872,0,0:00:24,2849,21.13
LtG2SUsJNLM,Buku Librari Ori - Seri Penuntun : Aku Bisa Shalat Lima Waktu,16-Aug-23,1,0.0223,0,0:01:20,18,0
M0EqIXoY0o8,Sling Bag Korea Tas Selempang Wanita Mini Sling Phone Bag Sling Bag Denim Shoulder Bag Pria Wanita,5-Sep-23,5,0.0437,0,0:00:31,75,2.67
M2GHb0CWCDg,"Star+Panci Presto Teflon Pressure Cooker 3,5 liter Anti Lengket",22-Aug-23,1194,5.8505,0,0:00:17,18,5.56
MG4_z0kQ69E,Star+Terlaris Minyak Urut Dayak 100% Asli Akar Kayu Terbaik Kalimantan,26-Aug-23,6,0.0356,0,0:00:21,95,5.26
MS1X4QnReLY,Koper OXY Red,12-Aug-23,2,0.0111,0,0:00:19,10,0
MW4jfJUG39Q,BTS-ERE12 TINO Anting Wanita Korea Anting Jepit Titanium Hitam/Putih Round Hoop Shell Warna Stell,8-Oct-23,4,0.0129,0,0:00:11,136,1.47
MXaXuLWxfM0,COOGER Alat Pel Lantai New White Spray Mop Automatic Water Tank Alat Pel Semprot,8-Oct-23,7,0.0429,0,0:00:22,85,3.53
Mzt4IZM3XrU,LEGO Classic 10696 Medium Creative Brick Box (484 Pieces) Bricks for Kids Creative Kit,7-Oct-23,0,0,0,,29,0
N-gMtNEhUgc,Temukan di Shopee! https://shope.ee/7pRc5Hri2L MOM UUNG ASI BOOSTER 60 KAPSUL,6-Oct-23,1,0.009,0,0:00:32,81,1.23
N3eoNBfzBsQ,Star+Timbangan Badan Digital + Body Fat Monitor - Elektrik - JOIL,27-Aug-23,10,0.0846,0,0:00:30,123,6.5
N3nXZDl4sMQ,Buku Ilmu Tasawuf Sirrul Asrar (HC) Syekh Abdul Qadir al-Jailani,27-Jun-23,10,0.0636,0,0:00:22,134,5.97
N5fWTqWRJ50,Buku Librari Ori - Krisis Kebebasan (cu. 3) Albert Camus,2-Jul-23,2,0.0092,0,0:00:16,86,2.33
NE1RWQ2q6SQ,Buku Librari Ori - The High 5 Habit - Pustaka Alvabet,1-Jul-23,104,0.3306,0,0:00:11,136,1.47
NOmOFs6gn5o,StarKacamata Baca Ajaib Pembesar Huruf Kaca mata Plus Unisex Auto Focus ONE POWER READERS,6-Sep-23,0,0,0,,98,0
N_vUk7KX2H0,StarSmart Electric Oral Irrigator Water Flosser Dental Gigi Oral Care Dental,27-Aug-23,2,0.0142,0,0:00:25,35,0
NdWiwEYZcxs,AKU LUPA BAHWA AKU PEREMPUAN,21-Sep-22,12,0.0661,0,0:00:19,165,7.27
NjmVrBplEmk,Temukan di Shopee! https://shope.ee/7ABuQX663S Star+,6-Oct-23,2,0.044,0,0:01:19,12,0
Ntm8MFPQkTI,StarMukenah Terusan Dewasa Rayon Premium Bordir Inara Jumbo,14-Aug-23,1,0.0113,0,0:00:40,8,0
OJubYvRbDGE,Vacum Cleaner 5 IN 1 Penyedot Debu Portable Cordless Multifungsi / Alat,22-Aug-23,4,0.069,0,0:01:02,45,0
OddvwVqzdUA,Star+Gamis Wanita Jumbo Ld 120 Bahan Rayon Midi Dress Muslim Premium Fashion Kayra Polos,18-Aug-23,0,0,0,,18,0
OgDbnBvNukE,Tas Selempang Wanita Import Branded FSL Crossbody Premium Kulit Sintetis Synthetic Leather - 001,6-Sep-23,1,0.0019,0,0:00:06,24,0
Ojns62PrFyc,"Meguiars - Meguiar's Gold Class Car Wash Shampoo and Conditioner 1.9L, Shampo Mobil",7-Oct-23,1,0.0065,0,0:00:23,35,2.86
OlhAgRz941k,Star+Kompor Listrik Oven Elektrik Panci Listrik Multifungsi 921-122,5-Sep-23,1,0.0202,0,0:01:12,48,0
OrEn7_Ws-1Y,Star+ShopAoi - Singlet Army Shadow / Kaos tanpa lengan / Kaos Dalaman Pria Murah Berkualitas,15-Aug-23,10,0.034,0,0:00:12,193,2.07
Ouw9YVEFu2M,Buku Librari Ori - Kecerdasan Matematis Junaid Mubeen - Alvabet,1-Jul-23,9,0.139,0,0:00:55,41,12.2
P-WI6Rsjh_Y,MICROPHONE WIRELESS ADVANCE MIC-101 TANPA KABEL MIKROFON KARAOKE,6-Oct-23,0,0,0,,15,0
P1RMn6qjZ5c,SCOORA Cronos Baby Earmuff - Tosca,20-Aug-23,12,0.0625,0,0:00:18,120,5.83
P4hgvSFzJIA,"NAJWA - Undies celana dalam wanita polos esse size M,L,XL,XXL Esse , Cyber Girl , Chaoji",4-Oct-23,1,0.0013,0,0:00:04,77,1.3
PLuTU_wSa4E,Buku Librari Ori - Mekkah dan Madinah (Hard Cover) - Pustaka Alvabet,1-Jul-23,17,0.0779,0,0:00:16,422,2.61
PU3F2iy4nFA,COD„ÄêEnam bulan dalam garansi„Äë Matei Headset Bluetooth TWS EARPHONE M10 Digital,8-Oct-23,5,0.0114,0,0:00:08,84,2.38
PUhGApOLJB8,Star+THOME Bel Rumah Tanpa Kabel / Bel Rumah Wireless Waterproof Door Bell Pintu 1 Receiver (A2-1),27-Aug-23,11,0.0843,0,0:00:27,131,1.53
PUpTCh_aKiY,Star+Rak Pot Bunga Besi Rak Pot Hias Standing Rak Pot 121-41,5-Sep-23,0,0,0,,83,0
PXcgRVcV1Bw,Star+20 pcs BENDERA/BENDERA MERAH PUTIH/PLUIT BENDERA (20pcs),14-Aug-23,1,0.006,0,0:00:21,14,0
PahCmPJl8yA,LEPAS DARI PIKIRAN NEGATIF DAN TEKANAN BATIN,1-Jul-23,7,0.1093,0,0:00:56,28,14.29
PbnzZ5a8l-I,NAJWA - Celana Dalam Anak Celana Pendek Anak Perempuan Cd Boxer Mini Pop Anak,6-Oct-23,3,0.0234,0,0:00:28,93,1.08
PcNQ-j3_6yc,Buku Librari Ori - Self Driving Rhenald Kasali - Expose,3-Jul-23,3,0.0219,0,0:00:26,87,2.3
PgbCWRrwH6k,Star+Panci Set 3 IN 1 Anti Lengket Panci Isi 3 Tutup Kaca Panci Set Pot Cookware Set Anti Lengket,6-Sep-23,10,0.7083,0,0:04:14,270,2.22
PlsB_npzFc8,Temukan Kasur SpringBed INTHEBOX PLUS (Plush Top) - FREE Bantal |,2-Oct-23,7,0.0738,0,0:00:37,42,11.9
Pyy_xonDLd4,StarSet Top Box TV Digital DVBT2 CBM81TH RTV SNI Bergaransi,14-Aug-23,1,0.003,0,0:00:10,28,3.57
Q5FQvh2VAVM,üìö Buku Librari Ori - Islamic Montessori Reading & Writing üïåüìñ,16-Aug-23,9,0.0652,0,0:00:26,74,8.11
QE6kKBYn-kI,StarCELANA DALAM BOXER PRIA MURAH KUALITAS PREMIUM ISI 1 - 6 PCS,14-Aug-23,1,0.0092,0,0:00:33,13,0
QET1Nax26g8,S-GROW Susu Peninggi Badan Terbaik - 1 BOX,26-Aug-23,1,0.0249,0,0:01:29,28,0
QFAxmY0e07I,StarMukenah Lajuran Dewasa Rayon Premium Mukena Terusan Bordir Safara,14-Aug-23,1,0.0164,0,0:00:59,17,0
QPOveWqCc2A,[COD] SANEX DISPENSER D102 / D-102 / D 102 (NORMAL AND HOT) GARANSI RESMI,8-Oct-23,16,0.1055,0,0:00:23,124,8.06
QQQjg97bOZk,[HONYAN Premium] Tas Selempang Cewek Sling Bag Import Terbaru Kekinian,5-Sep-23,7,0.0412,0,0:00:21,39,10.26
QTY7lLKhHPs,Buku Librari Ori - Borders and Beyond: Transnational Migration,2-Jul-23,1,0.0084,0,0:00:30,54,0
QZhscR7d9V8,dompet Pria casual Original Kulit Asli polos logo emboss kulit halus,14-Aug-23,1,0.0069,0,0:00:25,12,0
QdX-_U2Iz58,MELOGIKA RASA,1-Jul-23,21,0.0658,0,0:00:11,136,11.76
QgjPcKXAUc4,StarRipple Bebek Pintar R1 USB Smart AI Remote TV AC Night Lamp,22-Aug-23,7,0.0679,0,0:00:34,38,7.89
Qq5lguF1GqM,BAJU SETELAN PIYAMA LD110 I CP KH KERAH HAWAI I PAKAIAN ONESET,14-Aug-23,8,0.0352,0,0:00:15,62,8.06
Qve6ELdH-uM,Temukan di Shopee! https://shope.ee/7UoknT7NVu Star+,6-Oct-23,3,0.0194,0,0:00:23,13,0
QvigE9Uha4s,Royalstar Totipotent Panci Presto Micro Pressure Pot UK 22CM/ PRESSURE COOKER POT 3.5Liter,23-Aug-23,23,0.2094,0,0:00:32,145,6.21
Qwt0wphnGmc,Buku 200 Motivasi Nabi & Kisah Inspiratif Pembangun Jiwa by As Samarqandi,20-Sep-22,17,0.1468,0,0:00:31,213,6.57
R7HwwSdv2XE,Buku LIbrari Ori - Momen-Momen Menentukan dalam Sejarah Islam,1-Jul-23,51,0.4243,0,0:00:29,911,3.95
R7Ohi9A0Tg0,Temukan Happycall Titanium Double Pan Jumbo Grill Brown,6-Oct-23,1,0.0117,0,0:00:42,14,0
RA6ihgiX57c,Temukan Hyl Jewelry 97J Cincin Titanium Wanita Emas Muda Anti Karat Asli Silver Emas Couple,4-Oct-23,10,0.0412,0,0:00:14,197,4.57
RRICYFEhPQo,MOFii Mouse Wireless Gaming Rechargeable Baterai Type-C Fast Charging 1600DPI RGB Light P6,9-Aug-23,126,1.0027,0,0:00:28,862,12.76
RYOxjTZPAds,Star+Lampu Kipas Angin Remote 2in1 36W LED Plafon Fan Ceiling,22-Aug-23,10,0.0609,0,0:00:21,41,7.32
RYa1hHoWvBg,Gamepad Android Bluetooth Wireless IOS Windows Controller Joystick,6-Oct-23,8,0.0903,0,0:00:40,86,9.3
Rerg4HId1fo,Temukan di Shopee! https://shope.ee/6fFejF0lUs Wardah UV Shield Essential Sunscreen Gel SPF 35 PA,6-Oct-23,0,0,0,,15,0
RocJwt_BYWk,"Star+(cod) kontak lensa Diamond, soflens grey softlens brown soflens murah softlens 14.5mm",26-Aug-23,30,0.1868,0,0:00:22,207,9.66
Ry6_aDsWsq0,Buku Librari Ori - The Life Changing Magic Of Tidying Up Republish,1-Jul-23,1,0.002,0,0:00:07,29,0
S7sAKZ6--IM,Star+Daster Setelan Wanita Bahan Rayon Kekinian Promo Besar Edisi Habiskan Stok,18-Aug-23,2,0.0142,0,0:00:25,34,2.94
S8gb_2r_dvo,Tas Selempang Pria Kasual Polos Hitam Slempang Cowok Keren Slingbag Bahu Pria - PG - 8864,6-Oct-23,2,0.0156,0,0:00:28,37,5.41
SChJvyQIn6A,Star+Electric Espresso Maker / mesin kopi / Mesin Pembuat Espresso,22-Aug-23,1,0.0078,0,0:00:27,21,0
SDSxbLGlApQ,Temukan SoundPEATS TrueFree 2 True Wireless Earbuds - Black,5-Oct-23,0,0,0,,28,0
SHAm4YZ0x4Y,Temukan Ezviz C6N 2MP Smart Wifi Pan Tilt IP Camera CCTV Indoor 1080p,5-Oct-23,0,0,0,,27,0
SZQLSF0jHrs,"(1 Roll Isi 500 Pcs) Roll Stiker 3.5 Cm/2,5 Cm Selamat Menikmati - Sticker Makanan Kue Thank You",4-Oct-23,6,0.4962,0,0:04:57,33,12.12
SjRGyOJeOX8,BARDI Smart Extension Power Strips WiFi Stop Kontak Pintar,10-Oct-23,4,0.0189,0,0:00:17,56,5.36
SuMOidHnN-I,Star+Gamis Wanita Lizura Bahan Rayon Midi Dress Korean Style Fashion Muslim Kancing Depan Terbaru,18-Aug-23,6,0.0329,0,0:00:19,83,1.2
T1IuzG3_ang,Buku Librari Ori - Halo Balita Sali Saliha Aku Sayang Guru Boardbook,16-Aug-23,8,0.0271,0,0:00:12,132,3.79
TCsLZMniZ6c,BASRENG KRIUK REMPAH DAUN JERUK 1KG,12-Aug-23,2,0.0198,0,0:00:35,7,0
TDSUNKqXShU,Buku Librari Ori - Aku Lupa Bahwa Aku Perempuan Ihsan Abdul Quddus,1-Jul-23,3,0.0198,0,0:00:23,48,6.25
TKuHuLZVpec,Temukan di Shopee! https://shope.ee/8A4TxBIXxq Star+PAKET OLI SHELL AX7 MATIC SAE 10W-30 800 ML,7-Oct-23,3,0.0154,0,0:00:18,41,4.88
TSv9LbFF1qc,Buku AKHLAK ORANG BERILMU DAN AHLI QURAN,21-Sep-22,13,0.0735,0,0:00:20,213,4.69
TX961KvKU9w,Star+Masker Mouson Duckbill Garis 4 PLY isi 50 pcs Impor Disposable Mask Dewasa Hitam / Putih,6-Aug-23,50,0.1497,0,0:00:10,110,8.18
TYnjeLO_um8,Komik KKPK Peters Playtime,29-Jun-23,34,0.1422,0,0:00:15,249,3.61
TjMQUBGNlvk,Megaphone atau Toa kecil Fleco Multifungsi HW-8R,8-Oct-23,16,0.1649,0,0:00:37,141,7.8
TmKA3XC6ZLQ,Blender Portable Mini Juice Blender 6 Pisau Juicer Portable Usb Pembuat,22-Aug-23,2,0.0209,0,0:00:37,24,0
TmMtiWHJuTY,StarAtasan Outher Blouse Bluse Livia Lady Crush Premium,12-Aug-23,2,0.0106,0,0:00:19,22,0
Tz__aKoD1QA,IMPLORA Urban Lip Cream Matte Original BPOM - Lipcream Surabaya,4-Oct-23,0,0,0,,20,0
U49e2IUFMQA,Misteri Antartika,29-Jun-23,4,0.0332,0,0:00:29,103,1.94
UKqZO7wkqE4,Buku Librari Ori - Dunia Sophie Novel Grafis Filsafat Jostein Gaarder,2-Jul-23,87,0.5756,0,0:00:23,483,11.39
UWnEQMMbl00,"Vaseline Hand Body Lotion Soft Glow 180 Ml - Serum Kulit, Serum Badan, Serum Glow",10-Oct-23,8,0.0783,0,0:00:35,114,3.51
UiY47YeqrE8,KEMEJA POLOS PRIA KEREN DISTRO HEM KEMEJA KANTOR LENGAN PENDEK KUALITAS PREMIUM (BAYAR DITEMPAT),12-Aug-23,3,0.0298,0,0:00:35,33,3.03
UlXq5Ivs0dM,HUSEN Totebag Wanita Tas Kerja Jinjing Shoulder Bag Import Resleting - Ashley Sophie Tote Bag,5-Sep-23,4,0.0171,0,0:00:15,64,3.13
UqKOKpCv7OA,üåü[COD] Bella Square 50 Warna Hijab Jilbab Segi Empatüåü,6-Aug-23,53,0.1955,0,0:00:13,65,4.62
UrhqlqBmW1w,LAGU CINTA PARA PENDOSA,25-Sep-22,8,0.0579,0,0:00:26,175,3.43
UvAlrDVJdI0,Buku 21 Wanita Perkasa yang Ditempa oleh Budaya Aceh,22-Sep-22,9,0.0753,0,0:00:30,135,3.7
VS4kvhlY3-g,Laser Pointer Wireless Pointer Presentasi PPT Presenter USB Rechargeable,23-Aug-23,91,0.5936,0,0:00:23,401,20.95
VU7YOyUvrnA,MISTERI PASUKAN CAMBYSES,25-Sep-22,11,0.0801,0,0:00:26,145,7.59
VWE_LCCtCpo,Buku Sejarah 1453 (HARD COVER) by Roger Crowley Alvabet,1-Jul-23,21,0.2209,0,0:00:37,522,1.92
VaxVzlQkFqA,Temukan di Shopee! https://shope.ee/AUSMJ2bWQS Star+Philips Air Purifier Mobil Go Pure Style,6-Oct-23,2,0.0165,0,0:00:29,14,0
VcgrfR3hGiI,Buku Librari Ori - Transnasionalisme: Peran Aktor Non Negara,2-Jul-23,0,0,0,,19,0
VgrwWKexH-8,Buku EKONOMI MANAJERIAL & STRATEGI BISNIS,5-Jul-22,42,0.2358,0,0:00:20,299,13.04
WAgcWJiniOg,Advance Electric Air Fryer ADF-24A Mesin Penggoreng Tanpa Minyak Garansi Resmi Advance 1 Tahun,27-Aug-23,2,0.0102,0,0:00:18,40,0
WbXYRyqnnuE,HUSEN Totebag Wanita Tas Kerja 2 in 1 Kuliah Jinjing Shoulder Bag Resleting Import,5-Sep-23,5,0.0231,0,0:00:16,99,1.01
XDmrX-_NXb8,Star+Timbangan Badan Digital + Body Fat Monitor - Elektrik - JOIL,27-Aug-23,4,0.0301,0,0:00:27,127,1.57
Xaob23VWBb0,HUSEN Totebag Wanita Tas Kerja Kuliah Jinjing Shoulder Bag Resleting Import,5-Sep-23,4,0.009,0,0:00:08,70,1.43
Xd-m0cJkqlw,Buku ORIGINAL Seni Mengelola Tim Media Sosial,27-Jun-23,2,0.0085,0,0:00:15,38,0
Xtu8wUehr9A,MALAS TAPI SUKSES,20-Jun-23,7,0.2632,0,0:02:15,72,2.78
XuhxZ0cIZo4,üéÆGAMEN Titan Elite Keyboard Gaming Mechanical Keyboard Pluggable Port Blue/Red Switch Wired RGB,9-Aug-23,16,0.0492,0,0:00:11,177,3.39
Y8995rhI6J0,Dr.isla Pembersih Karang Gigi  Water Floss Electric Oral Lrrigator 200 Ml,25-Aug-23,74,0.7577,0,0:00:36,350,18.29
YIYYKBepdAQ,Buku Librari Ori - Krisis Kebebasan (cu. 3) Albert Camus,2-Jul-23,1,0.0017,0,0:00:05,74,0
YW3DjB-bPTQ,Buku Librari Ori - Seri Mengenal Emosi : Saat Aku Merasa Marah,15-Aug-23,20,0.161,0,0:00:28,94,21.28
Yv4ABL0U2Es,StarMukenah Terusan Dewasa Rayon Premium  Mukena Lajuran Bordir NN - Fadillah,14-Aug-23,1,0.0082,0,0:00:29,17,0
YvKNuS6VzNU,Fantech RAIGOR II WG10 Wireless Mouse Gaming,13-Aug-23,1,0.0086,0,0:00:31,21,0
Z7WYeUDXcZ8,Buku Librari Ori - Buku Pop-Up Islami Ulul Azmi (Boardbook),16-Aug-23,13,0.0678,0,0:00:18,110,7.27
ZeEIQW0tuaQ,Buku Librari Ori - Seri Penuntun : Aku Tahu 4 Sifat Rasulullah,16-Aug-23,1,0.0099,0,0:00:35,14,0
ZmTD6O07qZE,Alat Pijat Kaki / Ems Foot Massager / Alat Terapi Kaki / Akupunktur,22-Aug-23,1,0.0026,0,0:00:09,168,0.6
ZnKgsq55Ce8,LAMPU JALAN LED 100 WATT PJU COBRA 100WATT COB 100W STREETLIGHT OUTDOOR 220V SOROT LED 100 W,10-Oct-23,9,0.0545,0,0:00:21,102,5.88
_6YQc8XN96w,Buku Librari Ori - Kkpk Reg the Missing Pendant Kaira Alisha,16-Aug-23,5,0.0375,0,0:00:27,48,0
_97fl8s263k,Star+Headphone Wireless Cat Ear LED XY 205  / Cat Ear Noise Cancelling Headphone Bluetooth 5.0,19-Aug-23,6,0.0175,0,0:00:10,44,6.82
_9FWtV2hs1Q,Temukan You've ( YouHave ) Seamless 3PCS CD Celana Dalam Pakaian Dalam Wanita C920,3-Oct-23,22,0.8413,0,0:02:17,348,3.16
_9q-wAiIx8I,Buku Novel ORIGINAL CRANK PALACE JAMES DASHNER,27-Jun-23,12,0.1037,0,0:00:31,74,13.51
_EQ7YpvzD00,Cooling Pad Notebook RGB 6 Fans Adjustable Ergostand Dual Port CLIPtec RZC190,13-Aug-23,4,0.0472,0,0:00:42,14,14.29
_U577iS-crE,Buku Librari Ori - Halo Balita Seri Penuntun : Aku Ingin Pup,16-Aug-23,1,0.0071,0,0:00:25,18,0
_qzw30HAg2A,Buku HILANGNYA SAJADAH AYAH by Benny Ramdani BENTANG,4-Jul-22,43,0.1873,0,0:00:15,172,22.09
_wydEyorS8E,MAIMEITE 4.5KG Mini Mesin Cuci Washing Machine Portable  Mini  Hemet Energi,22-Aug-23,162,0.6169,0,0:00:13,305,41.31
aKNhYvnn1ls,Buku Librari Ori - The Geography Of Dream - Ashley & Eje Kim,16-Aug-23,4,0.0213,0,0:00:19,60,3.33
aji4RMso5gQ,Buku Librari Ori - The Tao Of Islam (Buku Kesatu) Edisi Ke-2 Republish,2-Jul-23,21,0.1648,0,0:00:28,190,7.89
alrxVpzuTf8,Star+Jepit Rambut Bulu Jedai Rambut Bulu Korea Jepitan Aksesoris Rambut Wanita Dewasa JPT 04,27-Aug-23,26,0.1054,0,0:00:14,178,7.3
bLHXOd_MSmk,Fior Pants - Long Pants High Waist Celana Kulot Wanita Korean Style / Celana Kantor / Cullote Pants,12-Aug-23,2,0.0079,0,0:00:14,62,1.61
bO8k0DyXT5U,Star+TAS WANITA TAS KERJA WANITA ESCLONA 038 TAS KANTOR WANITA TAS BAHU LAPTOP TAS SELEMPANG WANITA,12-Aug-23,31,0.1915,0,0:00:22,98,12.24
bZK7JppR8LQ,Buku Librari Ori - Cara Cepat Melatih Kebiasaan Positif Sehari-Hari,1-Jul-23,0,0,0,,13,0
beTl6VzKcTk,Star+Thank You Card / Kartu Hampers / Kartu Souvenir / Thankyou card / Kartu Terima Kasih (1 Sisi),19-Aug-23,3,0.004,0,0:00:04,27,3.7
bjmX_YQx0ng,"OMG OH MY GLAM Matte Kiss Lip Cream 3,5gr / Lipcream OMG Bpom",4-Oct-23,0,0,0,,28,0
brau1DeDqUo,RUNNING TEXT RED SMD P10 MODULE / LED / MODUL RUNNINGTEXT OUTDOOR,10-Oct-23,3,0.0239,0,0:00:28,64,4.69
bw4gO1Zwr8U,TEH DIET DETOKS | NEWLAB Slimlogy Tea Drink | Suplemen Diet |,27-Aug-23,8,0.1023,0,0:00:46,117,5.13
bx5RyIvJsSE,üé∂üéµ Pemutar Piringan Hitam Vinyl Record Player Music Turntable With Speakers Phonograph üéµüé∂,7-Aug-23,12,0.0849,0,0:00:25,127,6.3
c2Nx3EyALqg,Buku Librari Ori - The Secret Garden Republish 2023 - Mizan,2-Jul-23,2,0.0474,0,0:01:25,34,2.94
cGOmqubmY5Q,Buku Librari Ori - Hotel Mooi Indie Sekar Ayu Asmara - Bentang Pustaka,1-Jul-23,6,0.046,0,0:00:27,127,3.94
cPsF8-bRAjM,Propolis SM Brazilian Asli 100% Original With Nano Technology Isi 6 ml,27-Aug-23,3,0.0665,0,0:01:19,21,0
cS2UJve1KJ4,Star+GEMUK BADAN Alami Herbal Aman Cepat ORIGINAL Nature Resmi,26-Aug-23,5,0.057,0,0:00:41,55,5.45
cdR5r4wMUSQ,Si Lugu,29-Jun-23,6,0.0505,0,0:00:30,32,0
d4Tr4Ar6Fhw,Star+Setelan Baju Tunik Wanita Celana Panjang One Set Rayon Polos Kancing Depan,18-Aug-23,0,0,0,,25,0
d6v12GGKPkM,StarJennie Celana Kulot Knit Wanita Premium Terbaru,12-Aug-23,2,0.0082,0,0:00:14,44,0
dDmZCTCtCz0,Mainan Mobil Remote Control/Remote Control Mobil Sport Car Robot Transform/Rc Mobil Remote,7-Oct-23,0,0,0,,31,0
dEsJ0J5G1pc,Star+Multifunctional Bracket S77 Stand HP Meja Fahrenheit Putar 360 Derajat,9-Aug-23,13,0.0957,0,0:00:26,111,8.11
dQd1L-gCE1U,Mic Wireless Sennheiser SKM 9000 4 Antena Free Koper,6-Oct-23,0,0,0,,24,0
dXHBoa65dJ4,Buku Librari Ori - Mei Merah 1998: Kala Arwah Berkisah Naning Pranoto,2-Jul-23,1,0.0084,0,0:00:30,57,1.75
dntcvr7j6o4,Buku PARA PEMBENTUK PERADABAN ISLAM by Chase F. Robinson,1-Jul-23,10,0.0581,0,0:00:20,149,4.03
dxAYkxAurpE,Buku Librari Ori - Dongeng Halo Balita - Hari Pertama di Sekolah,16-Aug-23,2,0.0157,0,0:00:28,19,5.26
eDIbObNtUkk,Temukan di Shopee! https://shope.ee/6UwESRClnO Mocababy Pumping asi elektrik wireless,6-Oct-23,5,0.0254,0,0:00:18,192,0.52
eXWDACn_2Jo,Buku Librari Ori - The Count Of Monte Cristo Alexandre Dumas,1-Jul-23,8,0.0484,0,0:00:21,44,18.18
elewEwG5a0c,HUSEN Totebag Wanita Tas Kantor Jinjing Shoulder Bag Import - Ashley Charles Tote Bag,5-Sep-23,1,0.0041,0,0:00:14,55,1.82
evfZ3RjVxkw,JAMAY Mesin Cuci Mini Portable Lipat 6.5L Mesin Cuci Bayi Pengering,22-Aug-23,42,0.2372,0,0:00:20,91,21.98
ex1otOGPVoA,Buku Librari Ori - Hidup Matinya Sang Pengarang (edisi revisi),2-Jul-23,1,0.0129,0,0:00:46,27,3.7
exZUfrVtwJc,Buku METODE PENELITIAN SURVEI,5-Jul-22,33,0.1563,0,0:00:17,448,7.14
f1lmvI_CYzs,Bonless Paha Polos 1kg tanpa tulang Ayam Boiler fillet Fillet fresh frozen,7-Oct-23,5,0.0103,0,0:00:07,55,5.45
f9YnHfekmHo,MASPION Setrika Listrik EX-1010 BB - Elektronik Rumah Tangga,8-Oct-23,46,0.3617,0,0:00:28,332,12.05
fKOdMuwMueQ,Inara Dress Daster Busui Resleting Crinkle / Daster Midi Dress,19-Oct-23,4,0.0131,0,0:00:11,38,5.26
fVO4iz6_nLk,Goto Flare Oven Listrik 12L Microwave Pemanas Makanan Kue Elektrik,25-Aug-23,100,0.6681,0,0:00:24,683,12.45
fWNqHx17gY0,RINSO Matic Detergent Bubuk Detergen Matic BUKAAN DEPAN 3x Lebih Efektif Angkat Noda 1.8KG,7-Oct-23,6,0.0245,0,0:00:14,171,3.51
fi7WqA4d-6k,Jemuran Stainless Steel Jumbo Palang 9 / Rak Baju Handuk Pakaian Hanger Lipat Bayi Panama - 180 CM,2-Oct-23,3,0.0404,0,0:00:48,85,3.53
fky_q0vIIaQ,StarBlender/chopper Stainless Anti Karat,23-Aug-23,3,0.0247,0,0:00:29,20,0
fmIuemBTAiE,Star+MIINII Kabel Data S4 Micro USB Android Universal Oc Colokan Tambahan Panjang Non Pack,21-Aug-23,1,0.0089,0,0:00:32,24,0
foj5CiWgM1c,MOFii Mouse Wireless Gaming Rechargeable Baterai Type-C Fast Charging 1600DPI RGB Light P6,13-Aug-23,5,0.0234,0,0:00:16,21,9.52
fqfLkWNtZZQ,PRIBADI MUHAMMAD HARD COVER,8-Mar-23,17,0.0935,0,0:00:19,266,4.14
g3Yo1ub5Ir0,HUSEN Totebag Wanita Tas Kerja Kuliah Jinjing Shoulder Bag Resleting Import - Ashley  Raquel Bag,5-Sep-23,2,0.0062,0,0:00:11,62,0
g4cWl4ADC94,StarSamyunwan Original Herbal Wisdom Bercode,20-Aug-23,1,0.0018,0,0:00:06,26,0
gIlqagSKYqQ,Star+Selimut Bulu Super Tebal Ukuran Jombo 200x230 Motif Abstrak Keren Terlaris Super Tebal,6-Sep-23,11,0.6836,0,0:03:43,264,3.03
gQMp4E-C7w4,Architech Saklar Infinity Brown A63 Series / Stop Kontak / Sakelar / Saklar,27-Aug-23,2,0.0182,0,0:00:32,88,0
gRUx6y5v5ts,Tas Selempang Slingbag Original Highmore Elliot,8-Oct-23,4,0.0239,0,0:00:21,121,2.48
glrOILYXvxI,Buku Librari Ori - Malas tapi Sukses Fred Gratzon - Pustaka Alvabet,1-Jul-23,7,0.0345,0,0:00:17,129,3.1
h6jg0fpat4o,Temukan Sorex Bra Tanpa Kawat Super Soft Busa Sedang Setara Cup B BH Harian Simple Polos 17238,3-Oct-23,7,0.1501,0,0:01:17,163,1.84
hPLNXQQaOPQ,Star+2 in 1 Mesin Segel Vacuum Kantong Plastik Makanan / Snack / Cookies Mini Portable,15-Aug-23,1,0.0045,0,0:00:16,17,0
hRm0sxVUSQk,Buku Librari Ori - Malas tapi Sukses Fred Gratzon - Pustaka Alvabet,1-Jul-23,54,0.1814,0,0:00:12,172,6.4
hjQ1eibRC9M,Temukan di Shopee! https://shope.ee/8KNrkly9Ft Star+,6-Oct-23,1,0.0167,0,0:01:00,11,0
hkYVBDt15nc,Kirania Gamis Midi Dress Wanita Fashion Terbaru Bahan Rayon Premium,18-Aug-23,14,0.0599,0,0:00:15,253,1.98
hnSM0e9tukM,Car Power Inverter ARUS LISTRIK DC 12V to AC 220V 200W with 4 USB Port - COLOKAN CHARGER MOBIL,10-Oct-23,3,0.0324,0,0:00:38,78,1.28
hsYPyn7kz2w,Temukan di Shopee! https://shope.ee/6KcoKrn2Pd Glampalm Catokan Pelurus Rambut,6-Oct-23,4,0.0262,0,0:00:23,31,9.68
hykAekc-2OM,2023 Vacum Cleaner 5 IN 1 Penyedot Debu Portable Cordless Multifungsi /,22-Aug-23,2,0.0083,0,0:00:14,39,5.13
i1B-JVzjrEQ,Kacamata Boldie Frame Tebal Skinny Hitam Persegi Panjang Uv400 Gaya Vintage Retro,6-Oct-23,28,0.1436,0,0:00:18,162,12.96
iIFl9CNLXxA,"Buku FIRST, BREAK ALL THE RULES (HARD COVER) by Marcus Buckingham",30-Jun-23,19,0.1256,0,0:00:23,103,3.88
iK5CIJ7u6Ns,Mesin Jahit Mini Portabel 505A 12 Stitch Pola 1 Mesin Jahit Listrik Pakaian,22-Aug-23,17,0.1842,0,0:00:39,57,21.05
iY2T6L17DC4,Buku Librari Ori - My First 500 Korean Words - Kesaint Blanc,15-Aug-23,4,0.0261,0,0:00:23,87,3.45
ieyPfM7-U1s,Star+Daster Jumbo Longdress Ld 120 130 Kekinian Lengan Panjang Busui,18-Aug-23,35,0.1023,0,0:00:10,806,1.99
igNPPMw3uME,Temukan di Shopee! https://shope.ee/9etJ3TuLeF ECLE X15 TWS Pro Gaming Earphone Bluetooth,8-Oct-23,1,0.0038,0,0:00:13,68,0
ikOmvgEXyVg,[BEC] MASKER DUCKBILL 50 Pcs MASKER DUCKBIL 3PLY MIRIP SENSI MIX WARNA WARNI PUTIH,7-Oct-23,3,0.0126,0,0:00:15,23,8.7
il-sAyFVGXE,StarDaster Jumbo 100rb Dapat 5Pc Resleting Depan Busui Friendly Bigsize,20-Aug-23,1,0.0119,0,0:00:42,22,0
ip8FvGtgEGQ,Closet CLEANER Tempel Pengharum Pewangi WC Anti Bau Soap Sabun,8-Oct-23,2,0.0067,0,0:00:12,73,2.74
itBX3ebMMyA,Temukan di Shopee! https://shope.ee/1qAO1uQcvX Star+,6-Oct-23,1,0.1903,0,0:11:25,8,0
ivzh2bMMMiI,Buku ESENSI STATISTIK BAGI KEBIJAKAN PUBLIK by Prof  Dr  Abuzar Asra,5-Jul-22,41,0.2318,0,0:00:20,364,5.77
jA0-dJlKkL4,StarSOFTLENS MOONLIGHT COLORED LENSES,20-Aug-23,4,0.022,0,0:00:19,25,0
jNKgmDSPXcg,Buku Librari Ori - Seri Buku Anak GPS; Berisik Sekali!!,2-Jul-23,1,0.0147,0,0:00:53,17,5.88
jVhHPMUCSfE,StarQME Digital Computing Scale 40kg Double Display / Timbangan Buah 40kg,14-Aug-23,1,0.0056,0,0:00:20,18,0
jdlUnJJ9mjo,Tas Selempang Handbag Import Branded FSL Premium Kulit Sintetis Synthetic Leather - 001,6-Sep-23,1,0.0012,0,0:00:04,20,0
jiH2AfkV4-I,Buku EKONOMI ISLAM,5-Jul-22,39,0.2207,0,0:00:20,502,6.18
jmbPH7nvvFs,Buku Librari Ori - Siapa Orang Asli Palestina? Zafarul Islam Khan,1-Jul-23,33,0.0971,0,0:00:10,27,14.81
jyDv5XE9Q58,Buku Librari Ori - Who is Maud Dixon - Alexandra Andrews,16-Aug-23,17,0.0876,0,0:00:18,55,3.64
k9GBbREbzBo,Buku Librari Ori - Ghost School Days Hilang,16-Aug-23,4,0.0086,0,0:00:07,101,1.98
kNWKPXJk4GQ,„ÄêREADY„Äë CoolVita MultiVitamin Chewable (Kunyah) Suplemen Makanan Rasa Orange isi 30 Tablets,26-Aug-23,33,0.1771,0,0:00:19,296,6.76
kQdcCFcc6A4,Buku Librari Ori - Pahami Jenis Otak Anda dan Maksimalkan Kekuatannya,1-Jul-23,60,0.1573,0,0:00:09,59,5.08
kRIRfaK470Q,Buku Librari Ori - Budaya Minum di Indonesia Raymond Michael Menot,2-Jul-23,18,0.051,0,0:00:10,41,0
kUqAJwmmgW4,Star+Headset Earphone Bluetooth TWS F9-5 LED Smart Display With Powerbank,19-Aug-23,3,0.0162,0,0:00:19,22,0
k_f1d-02UYQ,Sepeda Listrik Dewasa Goda 140 Garansi Resmi,19-Oct-23,1,0.0046,0,0:00:16,13,7.69
kcyQiltGhZk,Buku Librari Ori - Pengetahuan Perawatan Preventif Pengobatan TCM,2-Jul-23,5,0.0491,0,0:00:35,61,8.2
kkjB11v9HV0,Temukan di Shopee! https://shope.ee/2L6erpelSo BELIMUKENA PREMIUM - (Free Sajadah) Mukena Mini,6-Oct-23,1,0.0125,0,0:00:44,18,5.56
knskoICZ1Sk,Buku THE SEAT OF THE SOUL by Gary Zukav,24-Sep-22,8,0.0769,0,0:00:34,221,3.17
koefmWu20aM,"59 Detik  yang Membuat Anda Menjadi Lebih Kreatif, Lebih Meyakinkan, Lebih Menarik, dan Lebih Bahagi",21-Sep-22,9,0.056,0,0:00:22,102,6.86
kpFb_b3WXfk,"Star+Self Adhesive Leather Sofa Repair Sofa Kulit Halus Pelapis Cover Kayu,",15-Aug-23,2,0.0226,0,0:00:40,30,0
l42Qx1gfD-k,Buku Librari Ori - The Origin of Tyranny Percy Neville Ure - Alvabet,1-Jul-23,11,0.0409,0,0:00:13,124,6.45
l8kvWMVNwI4,Dr.isla Mesin Cuci Mini Portable Lipat 8L Mesin Cuci Bayi Pengering Pakaian,25-Aug-23,41,0.4084,0,0:00:35,140,26.43
lCrruRGOAhk,Buku Librari Ori - Filsafat Kehidupan dalam Perspektif Tao Te Ching,2-Jul-23,2,0.0118,0,0:00:21,168,1.19
lG839HvwYF0,Haidee & Orlin - Belva Blouse & Camani Blouse https://shope.ee/LLwdJSMc8,20-Oct-23,0,0,0,,12,0
lGTq1QQAZro,ALEI Helm Sepeda Motor Warna Warni Termurah-Helm Scooter/Sepeda Listrik Viral,19-Oct-23,0,0,0,,17,0
lUdCMZOVwLU,SanDisk Ultra Dual Drive OTG 64GB USB Type-C USB 3.1 Up To 150MBps,9-Aug-23,4,0.0324,0,0:00:29,20,0
laWqziYNPzU,Buku Librari Ori - Real-Life Korean Conversations for Beginners,15-Aug-23,2,0.0077,0,0:00:13,43,0
lgsw4w9p-YU,Star+Dress Arabela Blink Bahan Rayon Daster Pendek Wanita Remaja Kekinian,18-Aug-23,4,0.0088,0,0:00:07,84,0
lmhUoZIQYKI,Buku Librari Ori - Komik Kkpk Camera Phobia,16-Aug-23,6,0.0432,0,0:00:25,77,1.3
mDcGUB-cSs0,Buku AL ZAYTUN   THE UNTOLD STORIES by Tim Peneliti INSEP,22-Sep-22,29,0.1932,0,0:00:23,227,10.13
mS4cSmElbfw,"Democracy for Sale: Pemilihan Umum, Klientelisme, dan Negara",1-Jul-23,5,0.0564,0,0:00:40,77,6.49
mXLSN1k-I5s,APPLIED PSYCHOLOGY,22-Sep-22,15,0.0907,0,0:00:21,126,9.52
mZsqOBBSeSI,Alat Olahraga Treadmill Alat Fitness Treadmill Elektrik Jezfit Madrid Treadmill Multifungsi,7-Oct-23,3,0.0253,0,0:00:30,58,5.17
mnwaWN0O_6Y,Temukan BIOAQUA Sheet Mask Hydrating Essence Face Mask Brightening Moisturizing Skin Care,4-Oct-23,2,0.0135,0,0:00:24,42,2.38
mq9BF5qsZ2U,Kaniya Official - Pashmina Kaos Jersey / Pashmina Jersey,3-Oct-23,3,0.0072,0,0:00:08,31,6.45
mqfkg0nE29s,Buku Librari Ori - Aku Tahu 4 Kata Ajaib: I Know 4 Magic Word,17-Aug-23,12,0.1145,0,0:00:34,54,11.11
n455Dea5x50,Star+Sound card V8 Mixer Bluetooth SoundCard V8 Audio Soundcard New,19-Aug-23,4,0.0116,0,0:00:10,28,3.57
n8SMrtesZJA,LEPASKAN BEBANMU,25-Sep-22,12,0.067,0,0:00:20,127,9.45
nCTZdwdvfFM,Buku Librari Ori - Strategi Bisnis Berbasis Cinta Mohammad F. Anwar,1-Jul-23,3,0.0394,0,0:00:47,23,13.04
nUd0KAghccE,Buku Librari Ori - Mindset Islami Muslimah Milenial Muyassaroh,1-Jul-23,7,0.0327,0,0:00:16,50,10
napQXrDpLe4,Etawalin Susu Etawa Herbal Nyeri Sendi Official 1 Box,7-Oct-23,1,0.011,0,0:00:39,34,2.94
ngwH4cfSUL8,Goto Ceramico Panci Listrik Fry Pan Electric Cooker Keramik Serbaguna,27-Aug-23,140,0.7995,0,0:00:20,1039,10.49
o6lPY0-zaPU,"Star+Undangan pernikahan Brief card 200 gsm Undangan khitanan, undangan perkawinan BUP-326",13-Aug-23,4,0.0164,0,0:00:14,19,15.79
oD3n9q3v5GQ,Star+Midi Dress Jumbo Busui Motif Bahan Rayon Dress Wanita Big Size XL XXL Model Kayra Tutul,18-Aug-23,1,0.0042,0,0:00:15,41,2.44
oIi7VKN92vE,Rangkaian bunga anthurium / bunga Aron panda dengan pot standing besi bunga sudut ruangan,10-Oct-23,2,0.0137,0,0:00:24,31,3.23
oUbkjP21Xnc,StarBlouse Kemeja Wanita Stripe Katun Rayon Premium Emil Belt Motif Salur Garis Oversize,15-Aug-23,3,0.0085,0,0:00:10,41,2.44
oYvXCQ36mX4,Kaos Kerah Pria Original Polo Shirts Lengan Pendek Basic,12-Aug-23,35,0.1456,0,0:00:14,168,1.19
ofQuuHlxGP0,Goto Flipper Table Meja Makan Lipat Set Koper Camping Outdoor Portable,6-Sep-23,81,1.2262,0,0:00:54,721,8.74
op8LVFVOAjc,WIPE & CLEAN ASYIK BELAJAR ANGKA BOARDBOOK,23-Apr-23,16,0.1321,0,0:00:29,486,2.47
or29QRGIod4,StarSTB Set Top Box TV Digital DVBT2 Receiver Matrix Type CBM81TH CBM91TH CBMRTV TV Box,14-Aug-23,3,0.0274,0,0:00:32,34,2.94
otdJPTntB_o,"Buku Cerita Anak Tentang Kopi Billingual ""I Am A Little Barista""",15-Aug-23,1,0.006,0,0:00:21,43,0
oxdci1JxkxE,JOOLY UP CARGO SWEATPANT CELANA SAKU BANYAK POTONGAN LONGGAR IC NTR,3-Oct-23,4,0.0159,0,0:00:14,37,10.81
p9wXb3CcXso,COLOLITE LEATHER CLEANER Pembersih Sepatu Tas Kulit Asli dan Sintetis Bersih,6-Oct-23,2,0.0171,0,0:00:30,33,6.06
pCsyjkw0OYk,AL QURAN DAN IMPIAN AMERIKA SERIKAT,21-Sep-22,16,0.0869,0,0:00:19,144,7.64
pDNlBpz6zBs,Buku Librari Ori - Karya Tulis Ilmiah Sosial (edisi Revisi) Yunita T.,1-Jul-23,4,0.0077,0,0:00:06,117,0
pJCQtaOWLjc,MEKKAH DAN MADINAH (HARD COVER),20-Jun-23,55,0.391,0,0:00:25,1409,3.69
pPU_O3M5BuE,Buku Librari Ori - 10 Ilmuwan Muslim Terhebat (Boardbook),17-Aug-23,5,0.0368,0,0:00:26,23,0
pb7CdxGFO9I,Buku Librari Ori - Kkpk Negeri 1000 Bunga,16-Aug-23,2,0.0083,0,0:00:14,7,0
pn6tk62NIto,Goto Aquatic Pompa Galon Elektrik Dispenser Air Minum Pump Charge USB,27-Aug-23,13,0.0975,0,0:00:27,64,0
pnSVhLXjVc0,"Buku EKONOMI MONETER by Dr  Lestari Ambarini, SE, MM",5-Jul-22,38,0.2144,0,0:00:20,309,8.74
pnsxpPV8MqI,"Star+""PROMO""  P-CD002 - Pria-Boxer-002 Pakaian dalam celana dalam Import Murah New Melar  BP02",6-Aug-23,45,0.267,0,0:00:21,875,4.69
prba8zIaCHI,Star+ShopAoi - Singlet / Kaos tanpa lengan / Kaos Dalam / T-shirt Distro / Singlet Luffy One Piece,15-Aug-23,3,0.0255,0,0:00:30,127,1.57
prxFaCVMHdw,Star+HEADPHONE BLUETOOTH Y08 Pure Bass | Headset Earphone,20-Aug-23,73,0.1819,0,0:00:08,447,15.21
psDU2cujXYM,Buku Librari Ori - Kasih Sayang Nabi Muhammad SAW,16-Aug-23,2,0.0181,0,0:00:32,13,0
pvBhwhxO04Q,Buku Librari Ori - SCB Aku Berani Bertanya: I am Not Afraid to Ask,16-Aug-23,1,0.0092,0,0:00:32,20,0
qCqRIaKZk-c,Buku Librari Ori - KKM: Dongeng Sebelum Tidur - Dian Dahlia,17-Aug-23,11,0.1006,0,0:00:32,26,7.69
qGD8ds8iT2w,StarKemeja Wanita Lengan Balon Lady Crush Full Kancing Terbaru Kekinian,12-Aug-23,12,0.0574,0,0:00:17,99,5.05
qXnSen1Unbg,AGENBAJU SAJADAH SOUVENIR RAMADHAN TURKI | SAJADAH TRAVEL- THR LEBARAN,6-Oct-23,2,0.003,0,0:00:05,53,1.89
qY_S--h-KZQ,Temukan di Shopee! https://shope.ee/8UhKKRBgGb Alat Fitness Treadmill Elektrik iReborn Siena,7-Oct-23,1,0.0167,0,0:00:59,30,3.33
qbE6GxAu9gI,Maybelline Superstay Matte Ink Liquid Matte Lipstick Lipcream Waterproof Make Up Transferproof,6-Aug-23,18,0.0588,0,0:00:11,212,5.19
qmCaYlWIcyY,LADY CHATTERLEY'S LOVER,25-Sep-22,18,0.0916,0,0:00:18,1561,0.7
qn__FeYkiRY,BIOAQUA SymWhite 377 Whitening & Fade Dark Spot Paket Skincare Set With Flek Hitam Serum Wajah,10-Aug-23,9,0.0532,0,0:00:21,95,4.21
r5_LedmNc48,StarCelana Kulot Jeans Snow Rawis Lipat Jumbo Premium Quality,12-Aug-23,1,0.0058,0,0:00:20,48,0
r6j_wacHEyU,Tas Handbag Wanita Tas Selempang Cewek Perempuan Women's Bag Sling Bag Slingbag,6-Sep-23,1,0.0016,0,0:00:05,34,0
rJ_uQdnCzL4,ONE LOVE Zeela Sepatu Flatshoes Wanita Slip On Mules Ukuran 36-42 Jumbo Warna Hitam,8-Oct-23,6,0.0342,0,0:00:20,110,3.64
rJnNyxzNErw,"Buku Librari Ori - Ayo, Lihat Sekolahku (Boardbook)",16-Aug-23,3,0.0153,0,0:00:18,22,0
rSv60bd8_O4,Vi Pants - Casual Long Pants Wanita Kulot Highwaist Button / Celana Panjang Wanita / Celana Kantor,12-Aug-23,1,0.0031,0,0:00:11,13,0
rdc9ZrUm_Yc,Ihome Meja Belajar 120cm Meja kantor Meja komputer Meja Kamar Tidur Sederhana Dengan Rak Buku,7-Oct-23,4,0.0238,0,0:00:21,50,4
rfzngck_frY,Temukan di Shopee! https://shope.ee/40EssPnFGW Jam Tangan Pria Casio General AE-1000W-1AVDF,6-Oct-23,0,0,0,,15,0
rw2ovr0xqiw,Star+Kertas Buket Bunga List Gold Line Emas Flower Wrapping Paper Cellophane Florist Goldline,19-Aug-23,1,0.0178,0,0:01:04,56,0
s0CZbf_deRA,MELTBLOWN X Kinoki Gold Koyo Herbal Detox Kaki Isi 10 Pcs,26-Aug-23,3,0.0045,0,0:00:05,34,8.82
sKH4N86zBgI,Toko Buku Librari,13-Jun-20,9,0.1698,0,0:01:07,26,23.08
sMovqF7h3RI,Temukan di Shopee! https://shope.ee/fyRbv77MX SOMETHINC 5% Niacinamide + Moisture Sabi Beet -,6-Oct-23,1,0.0033,0,0:00:12,14,7.14
sOwm99nhqIs,Star+TNW Car Vacum Cleaner Penyedot Debu 12000Pa Hisap Handheld,22-Aug-23,3,0.0345,0,0:00:41,22,4.55
s_UT4aNedyI,üï∂Ô∏èüåü Bergaya dan Lindungi Mata dengan Kacamata Anti Radiasi! üåüüï∂Ô∏è,28-Aug-23,32,0.116,0,0:00:13,80,2.5
sefne7r1KrI,Star+[10pcs]Adhesive Tape Double Sided White Foam Tape Strong Pad Mounting Adhesive (Square+Round),15-Aug-23,1,0.0015,0,0:00:05,14,0
snlNaKFqw-k,SEPULUH PELAJARAN UNTUK DUNIA PASCA PANDEMI,24-Sep-22,7,0.0614,0,0:00:31,111,6.31
ssfSiITuC4E,Tas Wanita Besar Handbag Women's Bag Tas Cewek Ladies Import Branded FSL Totebag,6-Sep-23,2,0.0059,0,0:00:10,43,0
sw0WnUb9Gyk,Hisense Kulkas 1 Pintu (Refrigerator) Lemari Es Kapasitas 91L RR120D4IGN,23-Aug-23,6,0.0623,0,0:00:37,73,5.48
sxfaN9TraU4,Mirah dari Banda,14-Jun-20,16,0.1266,0,0:00:28,86,16.28
sz0s6n2Oyg4,StarXiaomi Mijia Garmen Setrika Uap Rumah Listrik Portable Steam Mini,22-Aug-23,2,0.0201,0,0:00:36,20,0
t56_s8CBfa4,Buku Librari Ori - Bbw Kkm 33 Kisah Masa Kecil Sahabat Rasul Hc,16-Aug-23,2,0.0056,0,0:00:10,105,0.95
tAeXNiuXPrc,"Buku Librari Ori - Indonesia dan Rivalitas China, Jepang, dan India",2-Jul-23,1,0.0084,0,0:00:30,40,0
tCRIWChnWEQ,StarTeh Pelangsing Herbal Alami Teh Detoks Teh Diet Slimming Tea Ampuh,26-Aug-23,3,0.045,0,0:00:54,10,0
tE9cGcHtiwI,Temukan di Shopee! https://shope.ee/7KVKdw4K6U Star+,6-Oct-23,5,0.0249,0,0:00:17,14,0
Showing top 500 results,,,,,,,,
